-- MySQL dump 10.13  Distrib 5.7.17, for macos10.12 (x86_64)
--
-- Host: localhost    Database: demodb
-- ------------------------------------------------------
-- Server version	5.7.17

/*!40101 SET @OLD_CHARACTER_SET_CLIENT=@@CHARACTER_SET_CLIENT */;
/*!40101 SET @OLD_CHARACTER_SET_RESULTS=@@CHARACTER_SET_RESULTS */;
/*!40101 SET @OLD_COLLATION_CONNECTION=@@COLLATION_CONNECTION */;
/*!40101 SET NAMES utf8 */;
/*!40103 SET @OLD_TIME_ZONE=@@TIME_ZONE */;
/*!40103 SET TIME_ZONE='+00:00' */;
/*!40014 SET @OLD_UNIQUE_CHECKS=@@UNIQUE_CHECKS, UNIQUE_CHECKS=0 */;
/*!40014 SET @OLD_FOREIGN_KEY_CHECKS=@@FOREIGN_KEY_CHECKS, FOREIGN_KEY_CHECKS=0 */;
/*!40101 SET @OLD_SQL_MODE=@@SQL_MODE, SQL_MODE='NO_AUTO_VALUE_ON_ZERO' */;
/*!40111 SET @OLD_SQL_NOTES=@@SQL_NOTES, SQL_NOTES=0 */;

--
-- Table structure for table `address`
--

DROP TABLE IF EXISTS `address`;
/*!40101 SET @saved_cs_client     = @@character_set_client */;
/*!40101 SET character_set_client = utf8 */;
CREATE TABLE `address` (
  `id` int(11) NOT NULL AUTO_INCREMENT,
  `line1` varchar(255) DEFAULT NULL,
  `city` varchar(255) DEFAULT NULL,
  `state` varchar(50) DEFAULT NULL,
  `zip` varchar(10) DEFAULT NULL,
  PRIMARY KEY (`id`)
) ENGINE=InnoDB AUTO_INCREMENT=364 DEFAULT CHARSET=utf8;
/*!40101 SET character_set_client = @saved_cs_client */;

--
-- Dumping data for table `address`
--

LOCK TABLES `address` WRITE;
/*!40000 ALTER TABLE `address` DISABLE KEYS */;
INSERT INTO `address` VALUES (1,'274-1456 Imperdiet Ave','Worcester','MA','46481'),(2,'5812 Ligula St.','Harrisburg','PA','89941'),(3,'Ap #130-6103 In Street','Sandy','UT','84246'),(4,'P.O. Box 747, 9269 Mi Rd.','Colchester','VT','41878'),(5,'5591 Orci Avenue','Kapolei','HI','73905'),(6,'P.O. Box 352, 3330 Etiam Avenue','Augusta','GA','12876'),(7,'Ap #777-3219 Purus Road','Auburn','ME','50007'),(8,'P.O. Box 399, 2669 Purus, St.','Portland','ME','48065'),(9,'7303 Pede. Avenue','Virginia Beach','VA','55508'),(10,'3373 Dui St.','Lawton','OK','97117'),(11,'669-3170 Libero Street','San Diego','CA','91531'),(12,'P.O. Box 704, 5117 Tellus Rd.','Colchester','VT','84809'),(13,'1323 Rhoncus Avenue','Billings','MT','62869'),(14,'8594 Donec Av.','Denver','CO','94823'),(15,'Ap #519-5279 Congue Rd.','Lakewood','CO','15728'),(16,'507-1565 Nunc Ave','Savannah','GA','52470'),(17,'P.O. Box 271, 1435 Vel St.','Anchorage','AK','99960'),(18,'Ap #332-5854 Ipsum. St.','Portland','OR','35303'),(19,'774 Suspendisse Av.','Tulsa','OK','28126'),(20,'876-4700 Semper Av.','Dallas','TX','42052'),(21,'Ap #475-3811 Cum Av.','Essex','VT','65344'),(22,'Ap #823-5785 Purus, Road','Omaha','NE','44761'),(23,'Ap #144-7429 Egestas. Rd.','Warren','MI','85943'),(24,'Ap #376-1486 Et Rd.','Iowa City','IA','69310'),(25,'P.O. Box 908, 6405 Id Street','Paradise','NV','42812'),(26,'172-7071 Dapibus Ave','Tallahassee','FL','15540'),(27,'Ap #776-1208 Consequat Rd.','Dallas','TX','96897'),(28,'Ap #116-9046 Tellus. Rd.','Auburn','ME','91353'),(29,'735-817 Mi. Street','Miami','FL','51926'),(30,'536-4331 Pede Road','Fort Worth','TX','69991'),(31,'8842 Ut Road','Hattiesburg','MS','97676'),(32,'Ap #945-5884 Nec, St.','Madison','WI','63297'),(33,'271-5621 Lorem. Avenue','Kansas City','MO','66436'),(34,'P.O. Box 203, 9683 Euismod Rd.','Kailua','HI','71279'),(35,'5182 Dictum. Rd.','Fort Smith','AR','72988'),(36,'Ap #758-6267 Aliquet Rd.','South Portland','ME','74719'),(37,'P.O. Box 828, 4470 Ut Ave','Juneau','AK','99504'),(38,'331-6271 Sed Ave','Grand Rapids','MI','28428'),(39,'Ap #721-4596 Euismod St.','Chandler','AZ','86499'),(40,'284-4484 Condimentum Road','Baton Rouge','LA','22248'),(41,'Ap #371-6557 Phasellus Street','Davenport','IA','88501'),(42,'9320 Risus. Rd.','Omaha','NE','46811'),(43,'P.O. Box 576, 7514 Integer St.','Duluth','MN','70533'),(44,'1031 Sit Av.','Southaven','MS','13638'),(45,'P.O. Box 460, 9240 Donec St.','Bowling Green','KY','12791'),(46,'734-3898 In Rd.','Reno','NV','32817'),(47,'Ap #695-4505 Cursus St.','Tampa','FL','31922'),(48,'739-2071 Ipsum. St.','Fort Smith','AR','71858'),(49,'Ap #166-872 Interdum. Avenue','Richmond','VA','35623'),(50,'779-6135 Ornare, Ave','Lincoln','NE','67437'),(51,'975-4128 Cursus Av.','Oklahoma City','OK','23776'),(52,'5004 Nunc Av.','Meridian','ID','23878'),(53,'4878 Felis Street','Portland','ME','58360'),(54,'8460 Mus. Av.','Houston','TX','32681'),(55,'Ap #754-6084 Tellus. St.','Mesa','AZ','85772'),(56,'989-5083 Quisque Rd.','Reading','PA','58021'),(57,'4050 A, Road','Portland','OR','54111'),(58,'Ap #406-4577 Commodo Ave','St. Petersburg','FL','52371'),(59,'Ap #763-6250 Et Ave','Idaho Falls','ID','57224'),(60,'Ap #825-6280 Metus Ave','Dallas','TX','80804'),(61,'P.O. Box 406, 2442 Urna Ave','Milwaukee','WI','93168'),(62,'Ap #141-3644 Ipsum. St.','West Jordan','UT','75165'),(63,'206-5934 Diam St.','Columbus','GA','29286'),(64,'P.O. Box 385, 7533 Eget St.','Casper','WY','72215'),(65,'494-8419 Adipiscing. Rd.','Chattanooga','TN','75652'),(66,'Ap #176-5514 Lacus. Street','Des Moines','IA','46547'),(67,'Ap #821-4514 Sit Rd.','Vancouver','WA','28357'),(68,'Ap #930-8078 Sit Ave','Kaneohe','HI','83484'),(69,'8403 Sit Avenue','West Valley City','UT','13942'),(70,'6433 Aliquet. Av.','Saint Louis','MO','80615'),(71,'P.O. Box 554, 8676 Eros Av.','Montgomery','AL','36990'),(72,'627-6705 Eu, Road','Gary','IN','13526'),(73,'Ap #479-4823 Nunc St.','Bangor','ME','10210'),(74,'Ap #176-3835 Nec, Rd.','Lowell','MA','41869'),(75,'576 Ut St.','Boise','ID','74082'),(76,'449-7776 Mattis. Rd.','Baton Rouge','LA','65726'),(77,'6337 Turpis Av.','Hilo','HI','20056'),(78,'612-2900 Metus Avenue','Pocatello','ID','12355'),(79,'Ap #693-1140 Ac Rd.','Racine','WI','67091'),(80,'Ap #116-453 Nulla. Street','Lewiston','ME','57828'),(81,'Ap #686-7175 Pretium St.','Tallahassee','FL','37802'),(82,'Ap #538-4508 Donec St.','Vancouver','WA','32633'),(83,'P.O. Box 474, 6252 Quam Rd.','Baton Rouge','LA','38327'),(84,'Ap #358-9661 Lorem Rd.','Fort Smith','AR','71038'),(85,'508 Mauris Rd.','New Haven','CT','83730'),(86,'976-5213 Ullamcorper Rd.','St. Petersburg','FL','76553'),(87,'211-7385 Amet Street','Warren','MI','81794'),(88,'4715 Egestas Street','Montgomery','AL','36501'),(89,'339-2566 Mauris Rd.','Jefferson City','MO','97002'),(90,'880 Id, St.','Pike Creek','DE','42957'),(91,'946 Gravida Rd.','Kapolei','HI','15756'),(92,'Ap #778-2564 Vitae, Road','Springfield','MO','20847'),(93,'591 Suspendisse St.','Carson City','NV','12605'),(94,'3638 Consequat Rd.','Ketchikan','AK','99607'),(95,'P.O. Box 355, 7108 Donec Street','South Bend','IN','31180'),(96,'Ap #310-4880 Ullamcorper, Av.','Essex','VT','25291'),(97,'Ap #168-5753 Eu Ave','Warren','MI','59665'),(98,'Ap #883-8493 Velit. St.','Hilo','HI','11492'),(99,'8024 At, St.','Kansas City','KS','43414'),(100,'P.O. Box 449, 3372 Nisi. St.','Sacramento','CA','90688'),(101,'P.O. Box 408, 7335 Sollicitudin Rd.','Austin','TX','24009'),(102,'P.O. Box 455, 838 Sed St.','Southaven','MS','28941'),(103,'P.O. Box 212, 9193 Leo Ave','Spokane','WA','23503'),(104,'P.O. Box 107, 4173 Non, Ave','Erie','PA','51631'),(105,'Ap #752-3490 Integer Avenue','San Jose','CA','93005'),(106,'P.O. Box 241, 3146 Ac Road','Clarksville','TN','26759'),(107,'P.O. Box 686, 3004 In Rd.','Newport News','VA','35261'),(108,'5328 Nunc Avenue','Atlanta','GA','43603'),(109,'P.O. Box 620, 7825 Aliquam Rd.','Montpelier','VT','92641'),(110,'Ap #437-3200 Eget Av.','Owensboro','KY','91094'),(111,'P.O. Box 993, 663 Et St.','Mesa','AZ','85575'),(112,'P.O. Box 826, 9684 Egestas Rd.','Sandy','UT','94927'),(113,'P.O. Box 748, 7457 Pellentesque Ave','Bowling Green','KY','55348'),(114,'307-7731 Pede Road','Green Bay','WI','47457'),(115,'P.O. Box 356, 2747 Mus. Rd.','Minneapolis','MN','84874'),(116,'P.O. Box 309, 7206 Elit, Road','Pike Creek','DE','56780'),(117,'Ap #958-8480 Erat Rd.','Gulfport','MS','21443'),(118,'Ap #999-3675 Auctor. Av.','Vancouver','WA','95238'),(119,'779-3756 Diam Av.','Louisville','KY','22174'),(120,'Ap #702-7321 Mus. St.','Louisville','KY','49136'),(121,'Ap #731-866 Nisi. St.','South Burlington','VT','48365'),(122,'Ap #785-8384 Amet, Rd.','Sioux City','IA','20845'),(123,'Ap #479-4941 Posuere, Avenue','Reno','NV','13930'),(124,'Ap #504-6454 Vel Rd.','Waterbury','CT','91558'),(125,'111 In Rd.','Eugene','OR','53110'),(126,'Ap #307-9418 Nec Ave','Seattle','WA','33127'),(127,'P.O. Box 160, 452 Enim, Av.','Southaven','MS','30034'),(128,'2221 Ullamcorper. Rd.','Huntsville','AL','36225'),(129,'8625 Tortor Road','Rochester','MN','52798'),(130,'Ap #328-6473 Aliquet. St.','Des Moines','IA','47602'),(131,'P.O. Box 762, 2598 Massa Av.','Gaithersburg','MD','92481'),(132,'Ap #785-4815 Tincidunt St.','Burlington','VT','89630'),(133,'P.O. Box 381, 9880 Pretium Road','Richmond','VA','60632'),(134,'Ap #650-3712 Sodales Rd.','South Bend','IN','16747'),(135,'Ap #273-1605 Aliquam Road','Butte','MT','54721'),(136,'3518 Dictum Rd.','Columbia','MD','76626'),(137,'Ap #337-3856 Aliquam Av.','West Jordan','UT','30953'),(138,'P.O. Box 281, 3726 Nullam Road','Kansas City','KS','30123'),(139,'795-5231 At Street','Columbus','OH','69649'),(140,'469-7696 Congue St.','Rutland','VT','82868'),(141,'P.O. Box 631, 3510 Nulla. St.','Bridgeport','CT','60578'),(142,'P.O. Box 295, 2959 Sagittis Avenue','Anchorage','AK','99634'),(143,'339-1612 Nunc Avenue','Helena','MT','22919'),(144,'8840 Lobortis Ave','Knoxville','TN','99075'),(145,'P.O. Box 538, 615 Libero Road','Gulfport','MS','96323'),(146,'3365 Sed Av.','San Diego','CA','94862'),(147,'9702 Ante, Road','Grand Rapids','MI','51570'),(148,'708-4739 Ornare. St.','Evansville','IN','87892'),(149,'Ap #845-285 Adipiscing St.','Philadelphia','PA','75570'),(150,'8751 Phasellus Road','Aurora','IL','70710'),(151,'739-2718 Enim. Ave','Saint Louis','MO','59306'),(152,'Ap #313-9300 Nulla Avenue','Des Moines','IA','12322'),(153,'Ap #248-5442 Augue Rd.','Augusta','ME','74187'),(154,'Ap #958-1730 Et, Av.','Lincoln','NE','98910'),(155,'364-5698 Vestibulum Street','Spokane','WA','33696'),(156,'7063 Gravida Street','Frankfort','KY','59318'),(157,'P.O. Box 544, 6357 Nec, St.','Springdale','AR','72582'),(158,'Ap #732-2213 Facilisis Street','Baltimore','MD','53277'),(159,'529-1466 Urna St.','Olympia','WA','70358'),(160,'Ap #509-556 Nulla. Ave','Bellevue','WA','39568'),(161,'487-131 Adipiscing Street','Ketchikan','AK','99629'),(162,'8152 Eget, Ave','Fayetteville','AR','71803'),(163,'144-1009 Aenean Rd.','Gresham','OR','27959'),(164,'616-1275 Suspendisse Street','Dover','DE','88529'),(165,'P.O. Box 122, 3754 Magna. Av.','North Las Vegas','NV','28025'),(166,'Ap #640-4844 Feugiat. Rd.','Hartford','CT','38039'),(167,'334-1453 Dictum Avenue','Wichita','KS','49716'),(168,'Ap #342-9858 Dui Av.','Chesapeake','VA','83897'),(169,'723-7713 Ultrices Av.','Wilmington','DE','47310'),(170,'1152 Etiam Avenue','Kailua','HI','29891'),(171,'Ap #520-3571 Aliquet St.','Kailua','HI','34188'),(172,'P.O. Box 253, 492 Massa. Road','College','AK','99588'),(173,'1292 Blandit Rd.','Wyoming','WY','25606'),(174,'947-9384 Tristique Av.','Broken Arrow','OK','91426'),(175,'428-218 Ut Rd.','Ketchikan','AK','99694'),(176,'304 Mauris Rd.','Lakewood','CO','88451'),(177,'329-9783 Non St.','Fort Wayne','IN','12527'),(178,'2589 Dapibus St.','Southaven','MS','83379'),(179,'8035 Diam Rd.','Rockford','IL','22929'),(180,'8622 Scelerisque St.','Virginia Beach','VA','12837'),(181,'P.O. Box 522, 473 Eget Ave','Pike Creek','DE','87353'),(182,'4395 Odio, St.','Henderson','NV','88357'),(183,'337-1706 Id Av.','Lakewood','CO','39348'),(184,'9443 Posuere Av.','Austin','TX','40398'),(185,'4900 Ut Avenue','Baton Rouge','LA','98148'),(186,'Ap #183-1956 Fringilla Rd.','Gillette','WY','86893'),(187,'2344 Vitae Av.','Olathe','KS','61316'),(188,'P.O. Box 798, 740 Mauris Rd.','Billings','MT','51405'),(189,'P.O. Box 588, 7040 Vitae Road','Portland','ME','97570'),(190,'9913 Semper Rd.','West Valley City','UT','39234'),(191,'P.O. Box 580, 9842 Gravida Rd.','Athens','GA','35123'),(192,'Ap #209-9116 Eget St.','Houston','TX','33069'),(193,'P.O. Box 267, 3105 Proin St.','Green Bay','WI','31412'),(194,'339-6518 Turpis. Rd.','Portland','OR','81393'),(195,'Ap #680-6109 Parturient Rd.','Norman','OK','94156'),(196,'Ap #202-5417 Enim. St.','Lakewood','CO','50919'),(197,'Ap #138-3273 Nascetur Street','Saint Louis','MO','15240'),(198,'609-5924 Lorem, Rd.','Aurora','IL','44071'),(199,'P.O. Box 880, 194 Suspendisse Ave','Montgomery','AL','36367'),(200,'P.O. Box 602, 3552 Quis Street','Bridgeport','CT','49250'),(201,'P.O. Box 703, 7348 Scelerisque Street','Birmingham','AL','36089'),(202,'885-5132 Nisi Ave','Gulfport','MS','77755'),(203,'3477 Faucibus Rd.','Bellevue','NE','53200'),(204,'129 Mauris St.','Tallahassee','FL','80168'),(205,'P.O. Box 186, 232 Dictum St.','Meridian','ID','58196'),(206,'693-972 Ridiculus Road','Essex','VT','39739'),(207,'696-6174 Donec St.','Kenosha','WI','90621'),(208,'328-8367 Aliquam Road','Orlando','FL','54888'),(209,'P.O. Box 711, 1771 Arcu. St.','Gary','IN','23232'),(210,'270-374 Penatibus St.','Chesapeake','VA','91186'),(211,'P.O. Box 847, 200 Arcu. St.','Philadelphia','PA','83976'),(212,'P.O. Box 423, 7706 Scelerisque St.','Des Moines','IA','77783'),(213,'Ap #115-4786 Convallis St.','New Haven','CT','22026'),(214,'7660 Vivamus Rd.','Montpelier','VT','58398'),(215,'Ap #153-1403 Nulla. St.','Lawton','OK','44172'),(216,'9299 Sed St.','Worcester','MA','72228'),(217,'Ap #364-3044 Aliquam St.','Laramie','WY','51544'),(218,'P.O. Box 318, 9896 Donec Rd.','Kaneohe','HI','99560'),(219,'329-7827 Duis Road','Aurora','IL','71794'),(220,'P.O. Box 706, 310 Diam St.','Louisville','KY','14678'),(221,'322-2805 Turpis. Ave','Racine','WI','79534'),(222,'4867 Velit. Av.','Fort Worth','TX','16178'),(223,'Ap #696-5475 Neque. St.','Tulsa','OK','79656'),(224,'837-4972 Sodales Rd.','Montgomery','AL','35647'),(225,'993-8548 Nulla St.','Norman','OK','96003'),(226,'P.O. Box 431, 4308 Ridiculus St.','Bangor','ME','42463'),(227,'Ap #311-4425 Sagittis. Rd.','Lafayette','LA','38694'),(228,'P.O. Box 667, 5341 Sagittis Rd.','Worcester','MA','79379'),(229,'132-9004 Pretium St.','Metairie','LA','97138'),(230,'Ap #982-6750 Mauris Rd.','Seattle','WA','43841'),(231,'P.O. Box 975, 6093 Mauris Road','Atlanta','GA','97713'),(232,'Ap #669-1987 Dictum Road','Baltimore','MD','95659'),(233,'5713 Feugiat. St.','Jonesboro','AR','72449'),(234,'Ap #800-7901 Scelerisque Road','Memphis','TN','48067'),(235,'780-7660 Vel St.','Reno','NV','77465'),(236,'P.O. Box 687, 6439 Dictum Street','Colorado Springs','CO','68044'),(237,'9603 Dolor Rd.','Pike Creek','DE','93353'),(238,'303-3471 Congue, Avenue','Cincinnati','OH','61475'),(239,'P.O. Box 391, 8693 Ante. St.','Olympia','WA','71071'),(240,'P.O. Box 248, 2922 Aenean Av.','Bloomington','MN','62464'),(241,'Ap #326-8005 Rutrum St.','Springfield','MO','50036'),(242,'Ap #803-630 Ultrices Road','Gulfport','MS','25646'),(243,'P.O. Box 238, 3157 Senectus Road','Biloxi','MS','41694'),(244,'Ap #722-1449 Arcu St.','Casper','WY','88960'),(245,'P.O. Box 305, 6006 Maecenas Rd.','Idaho Falls','ID','55292'),(246,'608-7103 Laoreet Avenue','Chattanooga','TN','58565'),(247,'486-4476 Mi Av.','Erie','PA','61273'),(248,'P.O. Box 462, 1623 Ullamcorper. Street','Sandy','UT','12055'),(249,'Ap #163-4959 Lectus Ave','Fairbanks','AK','99819'),(250,'612-1270 Ultrices. St.','Pocatello','ID','62707'),(251,'9366 Aliquam Rd.','Olathe','KS','78362'),(252,'388-976 Lorem Rd.','Juneau','AK','99502'),(253,'P.O. Box 397, 1347 Et, St.','Louisville','KY','14536'),(254,'586-7007 Bibendum. Ave','Helena','MT','17124'),(255,'2371 Posuere, Rd.','San Antonio','TX','33006'),(256,'P.O. Box 943, 2705 Amet, Avenue','Seattle','WA','46624'),(257,'349-680 Justo Avenue','Iowa City','IA','15616'),(258,'180-3371 Non Avenue','Tacoma','WA','21881'),(259,'5240 Quis St.','Aurora','CO','87089'),(260,'121-1812 Ornare, Street','Bangor','ME','54643'),(261,'P.O. Box 497, 7275 Turpis. Av.','Cambridge','MA','68550'),(262,'Ap #479-6218 Quisque St.','West Jordan','UT','92906'),(263,'Ap #250-1247 Duis Ave','West Jordan','UT','65141'),(264,'9934 Tellus Avenue','Wilmington','DE','22144'),(265,'779-9372 Quam. Rd.','Salem','OR','88794'),(266,'531-9058 Eu Road','Bozeman','MT','95965'),(267,'Ap #636-8881 Turpis. Rd.','Akron','OH','59925'),(268,'9548 Magna. St.','Newark','DE','54240'),(269,'8047 Primis Rd.','West Jordan','UT','85694'),(270,'1245 Dictum Rd.','Chandler','AZ','86763'),(271,'Ap #480-5851 Purus Rd.','Augusta','GA','27887'),(272,'6222 Sit Ave','Harrisburg','PA','28034'),(273,'8191 Duis St.','Eugene','OR','38779'),(274,'Ap #655-1378 Id, Av.','Tacoma','WA','88158'),(275,'982-2966 Neque Street','Gaithersburg','MD','95308'),(276,'P.O. Box 587, 312 Mi. Rd.','Olathe','KS','48652'),(277,'3264 Dictum Ave','Anchorage','AK','99753'),(278,'P.O. Box 972, 2962 Sed St.','Fort Smith','AR','71682'),(279,'169-3120 Accumsan Road','Fort Wayne','IN','10952'),(280,'P.O. Box 232, 5609 Nascetur Rd.','Worcester','MA','50080'),(281,'258-6088 Ultrices Rd.','Flint','MI','56079'),(282,'991-146 Vitae Rd.','Kailua','HI','56427'),(283,'6832 Dictum Rd.','Las Vegas','NV','83210'),(284,'P.O. Box 750, 653 Orci St.','Duluth','MN','66117'),(285,'Ap #232-5520 Diam St.','Waterbury','CT','54245'),(286,'Ap #327-2177 Cras Ave','Missoula','MT','76113'),(287,'P.O. Box 379, 4807 Ante. Road','Dallas','TX','47354'),(288,'Ap #646-3738 Odio St.','Overland Park','KS','18276'),(289,'Ap #167-1810 Phasellus Road','Bangor','ME','28384'),(290,'607-6100 Nunc Ave','Jefferson City','MO','67173'),(291,'Ap #771-9079 Sed Av.','Rock Springs','WY','12583'),(292,'8127 Hendrerit Avenue','Minneapolis','MN','78217'),(293,'3249 Convallis Rd.','Columbus','OH','24708'),(294,'Ap #225-6234 Fusce Rd.','Chandler','AZ','85702'),(295,'Ap #872-9298 Mi. Ave','Hattiesburg','MS','14415'),(296,'P.O. Box 482, 2258 Mattis Road','Norfolk','VA','78718'),(297,'Ap #849-5514 Vitae St.','Green Bay','WI','96296'),(298,'Ap #436-8241 Vitae Road','Minneapolis','MN','54473'),(299,'P.O. Box 414, 9745 Arcu. Avenue','Rockford','IL','30133'),(300,'122-8344 Volutpat. St.','Richmond','VA','81248'),(301,'5812 Ligula St.','Harrisburg','PA','89941'),(302,'P.O. Box 399, 2669 Purus, St.','Portland','ME','48065'),(303,'1323 Rhoncus Avenue','Billings','MT','62869'),(304,'Ap #776-1208 Consequat Rd.','Dallas','TX','96897'),(305,'536-4331 Pede Road','Fort Worth','TX','69991'),(306,'8842 Ut Road','Hattiesburg','MS','97676'),(307,'Ap #758-6267 Aliquet Rd.','South Portland','ME','74719'),(308,'331-6271 Sed Ave','Grand Rapids','MI','28428'),(309,'9320 Risus. Rd.','Omaha','NE','46811'),(310,'975-4128 Cursus Av.','Oklahoma City','OK','23776'),(311,'Ap #754-6084 Tellus. St.','Mesa','AZ','85772'),(312,'Ap #479-4823 Nunc St.','Bangor','ME','10210'),(313,'976-5213 Ullamcorper Rd.','St. Petersburg','FL','76553'),(314,'4715 Egestas Street','Montgomery','AL','36501'),(315,'P.O. Box 620, 7825 Aliquam Rd.','Montpelier','VT','92641'),(316,'Ap #999-3675 Auctor. Av.','Vancouver','WA','95238'),(317,'2221 Ullamcorper. Rd.','Huntsville','AL','36225'),(318,'Ap #785-4815 Tincidunt St.','Burlington','VT','89630'),(319,'P.O. Box 381, 9880 Pretium Road','Richmond','VA','60632'),(320,'3365 Sed Av.','San Diego','CA','94862'),(321,'708-4739 Ornare. St.','Evansville','IN','87892'),(322,'8751 Phasellus Road','Aurora','IL','70710'),(323,'739-2718 Enim. Ave','Saint Louis','MO','59306'),(324,'Ap #248-5442 Augue Rd.','Augusta','ME','74187'),(325,'Ap #732-2213 Facilisis Street','Baltimore','MD','53277'),(326,'8152 Eget, Ave','Fayetteville','AR','71803'),(327,'1152 Etiam Avenue','Kailua','HI','29891'),(328,'1292 Blandit Rd.','Wyoming','WY','25606'),(329,'947-9384 Tristique Av.','Broken Arrow','OK','91426'),(330,'428-218 Ut Rd.','Ketchikan','AK','99694'),(331,'2589 Dapibus St.','Southaven','MS','83379'),(332,'8035 Diam Rd.','Rockford','IL','22929'),(333,'4900 Ut Avenue','Baton Rouge','LA','98148'),(334,'P.O. Box 588, 7040 Vitae Road','Portland','ME','97570'),(335,'P.O. Box 580, 9842 Gravida Rd.','Athens','GA','35123'),(336,'Ap #138-3273 Nascetur Street','Saint Louis','MO','15240'),(337,'129 Mauris St.','Tallahassee','FL','80168'),(338,'693-972 Ridiculus Road','Essex','VT','39739'),(339,'Ap #696-5475 Neque. St.','Tulsa','OK','79656'),(340,'P.O. Box 431, 4308 Ridiculus St.','Bangor','ME','42463'),(341,'Ap #803-630 Ultrices Road','Gulfport','MS','25646'),(342,'486-4476 Mi Av.','Erie','PA','61273'),(343,'P.O. Box 943, 2705 Amet, Avenue','Seattle','WA','46624'),(344,'121-1812 Ornare, Street','Bangor','ME','54643'),(345,'P.O. Box 750, 653 Orci St.','Duluth','MN','66117'),(346,'Ap #327-2177 Cras Ave','Missoula','MT','76113'),(347,'Ap #646-3738 Odio St.','Overland Park','KS','18276'),(348,'Ap #436-8241 Vitae Road','Minneapolis','MN','54473');
/*!40000 ALTER TABLE `address` ENABLE KEYS */;
UNLOCK TABLES;

--
-- Table structure for table `address_employee`
--

DROP TABLE IF EXISTS `address_employee`;
/*!40101 SET @saved_cs_client     = @@character_set_client */;
/*!40101 SET character_set_client = utf8 */;
CREATE TABLE `address_employee` (
  `id` int(11) NOT NULL AUTO_INCREMENT,
  `address_id` int(11) NOT NULL,
  `employee_id` int(11) NOT NULL,
  PRIMARY KEY (`address_id`,`employee_id`),
  UNIQUE KEY `id` (`id`),
  UNIQUE KEY `id_2` (`id`),
  KEY `employee_id` (`employee_id`),
  CONSTRAINT `address_employee_ibfk_1` FOREIGN KEY (`address_id`) REFERENCES `address` (`id`),
  CONSTRAINT `address_employee_ibfk_2` FOREIGN KEY (`employee_id`) REFERENCES `employee` (`id`)
) ENGINE=InnoDB AUTO_INCREMENT=575 DEFAULT CHARSET=utf8;
/*!40101 SET character_set_client = @saved_cs_client */;

--
-- Dumping data for table `address_employee`
--

LOCK TABLES `address_employee` WRITE;
/*!40000 ALTER TABLE `address_employee` DISABLE KEYS */;
INSERT INTO `address_employee` VALUES (1,1,1),(2,2,2),(3,3,3),(4,4,4),(5,5,5),(6,6,6),(7,7,7),(8,8,8),(9,9,9),(10,10,10),(11,11,11),(12,12,12),(13,13,13),(14,14,14),(15,15,15),(16,16,16),(17,17,17),(18,18,18),(19,19,19),(20,20,20),(21,21,21),(22,22,22),(23,23,23),(24,24,24),(25,25,25),(26,26,26),(27,27,27),(28,28,28),(29,29,29),(30,30,30),(31,31,31),(32,32,32),(33,33,33),(34,34,34),(35,35,35),(36,36,36),(37,37,37),(38,38,38),(39,39,39),(40,40,40),(41,41,41),(42,42,42),(43,43,43),(44,44,44),(45,45,45),(46,46,46),(47,47,47),(48,48,48),(49,49,49),(50,50,50),(51,51,51),(52,52,52),(53,53,53),(54,54,54),(55,55,55),(56,56,56),(57,57,57),(58,58,58),(59,59,59),(60,60,60),(61,61,61),(62,62,62),(63,63,63),(64,64,64),(65,65,65),(66,66,66),(67,67,67),(68,68,68),(69,69,69),(70,70,70),(71,71,71),(72,72,72),(73,73,73),(74,74,74),(75,75,75),(76,76,76),(77,77,77),(78,78,78),(79,79,79),(80,80,80),(81,81,81),(82,82,82),(83,83,83),(84,84,84),(85,85,85),(86,86,86),(87,87,87),(88,88,88),(89,89,89),(90,90,90),(91,91,91),(92,92,92),(93,93,93),(94,94,94),(95,95,95),(96,96,96),(97,97,97),(98,98,98),(99,99,99),(100,100,100),(101,101,101),(102,102,102),(103,103,103),(104,104,104),(105,105,105),(106,106,106),(107,107,107),(108,108,108),(109,109,109),(110,110,110),(111,111,111),(112,112,112),(113,113,113),(114,114,114),(115,115,115),(116,116,116),(117,117,117),(118,118,118),(119,119,119),(120,120,120),(121,121,121),(122,122,122),(123,123,123),(124,124,124),(125,125,125),(126,126,126),(127,127,127),(128,128,128),(129,129,129),(130,130,130),(131,131,131),(132,132,132),(133,133,133),(134,134,134),(135,135,135),(136,136,136),(137,137,137),(138,138,138),(139,139,139),(140,140,140),(141,141,141),(142,142,142),(143,143,143),(144,144,144),(145,145,145),(146,146,146),(147,147,147),(148,148,148),(149,149,149),(150,150,150),(151,151,151),(152,152,152),(153,153,153),(154,154,154),(155,155,155),(156,156,156),(157,157,157),(158,158,158),(159,159,159),(160,160,160),(161,161,161),(162,162,162),(163,163,163),(164,164,164),(165,165,165),(166,166,166),(167,167,167),(168,168,168),(169,169,169),(170,170,170),(171,171,171),(172,172,172),(173,173,173),(174,174,174),(175,175,175),(176,176,176),(177,177,177),(178,178,178),(179,179,179),(180,180,180),(181,181,181),(182,182,182),(183,183,183),(184,184,184),(185,185,185),(186,186,186),(187,187,187),(188,188,188),(189,189,189),(190,190,190),(191,191,191),(192,192,192),(193,193,193),(194,194,194),(195,195,195),(196,196,196),(197,197,197),(198,198,198),(199,199,199),(200,200,200),(201,201,201),(202,202,202),(203,203,203),(204,204,204),(205,205,205),(206,206,206),(207,207,207),(208,208,208),(209,209,209),(210,210,210),(211,211,211),(212,212,212),(213,213,213),(214,214,214),(215,215,215),(216,216,216),(217,217,217),(218,218,218),(219,219,219),(220,220,220),(221,221,221),(222,222,222),(223,223,223),(224,224,224),(225,225,225),(226,226,226),(227,227,227),(228,228,228),(229,229,229),(230,230,230),(231,231,231),(232,232,232),(233,233,233),(234,234,234),(235,235,235),(236,236,236),(237,237,237),(238,238,238),(239,239,239),(240,240,240),(241,241,241),(242,242,242),(243,243,243),(244,244,244),(245,245,245),(246,246,246),(247,247,247),(248,248,248),(249,249,249),(250,250,250),(251,251,251),(252,252,252),(253,253,253),(254,254,254),(255,255,255),(256,256,256),(257,257,257),(258,258,258),(259,259,259),(260,260,260),(261,261,261),(262,262,262),(263,263,263),(264,264,264),(265,265,265),(266,266,266),(267,267,267),(268,268,268),(269,269,269),(270,270,270),(271,271,271),(272,272,272),(273,273,273),(274,274,274),(275,275,275),(276,276,276),(277,277,277),(278,278,278),(279,279,279),(280,280,280),(281,281,281),(282,282,282),(283,283,283),(284,284,284),(285,285,285),(286,286,286),(287,287,287),(288,288,288),(289,289,289),(290,290,290),(291,291,291),(292,292,292),(293,293,293),(294,294,294),(295,295,295),(296,296,296),(297,297,297),(298,298,298),(299,299,299),(300,300,300),(512,301,2),(513,302,8),(514,303,13),(515,304,27),(516,305,30),(517,306,31),(518,307,36),(519,308,38),(520,309,42),(521,310,51),(522,311,55),(523,312,73),(524,313,86),(525,314,88),(526,315,109),(527,316,118),(528,317,128),(529,318,132),(530,319,133),(531,320,146),(532,321,148),(533,322,150),(534,323,151),(535,324,153),(536,325,158),(537,326,162),(538,327,170),(539,328,173),(540,329,174),(541,330,175),(542,331,178),(543,332,179),(544,333,185),(545,334,189),(546,335,191),(547,336,197),(548,337,204),(549,338,206),(550,339,223),(551,340,226),(552,341,242),(553,342,247),(554,343,256),(555,344,260),(556,345,284),(557,346,286),(558,347,288),(559,348,298);
/*!40000 ALTER TABLE `address_employee` ENABLE KEYS */;
UNLOCK TABLES;

--
-- Table structure for table `employee`
--

DROP TABLE IF EXISTS `employee`;
/*!40101 SET @saved_cs_client     = @@character_set_client */;
/*!40101 SET character_set_client = utf8 */;
CREATE TABLE `employee` (
  `id` int(11) NOT NULL AUTO_INCREMENT,
  `firstname` varchar(255) DEFAULT NULL,
  `lastname` varchar(255) DEFAULT NULL,
  `employeenumber` varchar(13) DEFAULT NULL,
  `email` varchar(255) DEFAULT NULL,
  `phone` varchar(100) DEFAULT NULL,
  PRIMARY KEY (`id`)
) ENGINE=InnoDB AUTO_INCREMENT=301 DEFAULT CHARSET=utf8;
/*!40101 SET character_set_client = @saved_cs_client */;

--
-- Dumping data for table `employee`
--

LOCK TABLES `employee` WRITE;
/*!40000 ALTER TABLE `employee` DISABLE KEYS */;
INSERT INTO `employee` VALUES (1,'Erin','Gomez','16141225-8053','Phasellus.at@Quisqueliberolacus.net','1-420-306-3876'),(2,'Hamish','Bates','16110113-6115','sollicitudin@condimentumDonec.com','1-619-875-9775'),(3,'Blaze','Sutton','16901228-1532','ac.urna.Ut@luctus.ca','1-885-418-3426'),(5,'Kaseem','Zamora','16370308-1822','auctor.vitae.aliquet@Curabitur.com','1-552-111-2377'),(6,'Jemima','Porter','16820324-8052','viverra@nectellus.edu','1-943-640-3815'),(7,'Britanney','Paul','16201113-5916','elit@Maecenas.com','1-438-180-9298'),(8,'Lane','Osborne','16770824-8740','feugiat@diamdictum.net','1-733-500-8309'),(9,'Talon','Morales','16500811-0891','sit@rhoncusDonec.edu','1-549-183-6921'),(10,'Marcia','Nguyen','16520613-2622','nonummy.ultricies@Quisquepurussapien.co.uk','1-171-859-5314'),(11,'Maxwell','Potter','16191001-4131','convallis@Phasellusataugue.co.uk','1-932-867-7843'),(12,'Drew','Olsen','16660805-7110','sociis@aliquamadipiscinglacus.org','1-580-900-7726'),(13,'Blair','Snyder','16860828-8851','tellus@eratinconsectetuer.com','1-731-128-1721'),(14,'Taylor','Hebert','16841015-0927','erat.eget.ipsum@Mauriseuturpis.edu','1-138-291-1183'),(15,'Russell','Dejesus','16070411-7316','iaculis@Uttincidunt.com','1-467-305-0735'),(16,'Gemma','Lopez','16051228-9158','at.iaculis@erosturpisnon.edu','1-255-746-7608'),(17,'Plato','Greer','16771220-6619','Vivamus.molestie.dapibus@non.ca','1-321-271-7162'),(18,'Bo','Nicholson','16760311-1431','pharetra.sed@atsemmolestie.edu','1-626-100-5895'),(19,'Logan','Maddox','16931015-3607','amet.metus.Aliquam@gravida.net','1-202-785-5658'),(20,'Carter','Greer','16070622-7469','rhoncus.Nullam@sed.ca','1-337-554-6225'),(21,'Ferris','Russo','16131029-6668','Donec.porttitor@auctorullamcorpernisl.com','1-205-332-5809'),(22,'Noble','Savage','16010416-0676','enim.Sed@Aeneaneget.ca','1-594-743-5413'),(23,'Theodore','Morris','16481209-5174','ac.facilisis.facilisis@lectusa.edu','1-434-595-1287'),(24,'Wanda','Mack','16221102-0017','nunc@egetdictum.net','1-794-381-5688'),(25,'Garrett','Turner','16260506-3573','egestas@necleoMorbi.net','1-533-885-0064'),(27,'Pamela','Haley','16681020-9079','erat.volutpat@ligulatortor.com','1-537-852-9083'),(28,'Ezra','Mayer','16160127-6205','mus@nequeIn.com','1-241-233-8019'),(29,'Buckminster','Underwood','16731205-0516','arcu.Vivamus.sit@Donecconsectetuermauris.ca','1-774-562-4375'),(30,'Maxwell','Harmon','16450429-4622','libero.Proin.mi@neccursus.ca','1-977-973-3646'),(31,'Lyle','Trevino','16141110-8127','nunc.In.at@Duis.co.uk','1-924-173-9310'),(32,'Melvin','Zimmerman','16200409-9392','tellus@atauctorullamcorper.com','1-596-836-3568'),(33,'Keefe','Puckett','16320906-8240','ultricies.ornare.elit@sagittislobortismauris.net','1-621-384-1984'),(34,'Connor','Collier','16581029-0089','sed.sem@enimnon.org','1-793-216-3249'),(35,'Jerry','Collins','16921030-4219','Nunc.ullamcorper.velit@pedemalesuadavel.ca','1-876-114-8267'),(36,'Scott','Conner','16940706-6662','vitae.erat@arcuMorbisit.ca','1-568-974-5521'),(37,'Conan','Byers','16610613-3157','ut.erat@mauriselitdictum.net','1-601-453-6223'),(38,'Diana','Sweet','16340825-8063','ipsum.nunc.id@Donecfelisorci.ca','1-181-401-4337'),(39,'George','Gay','16670905-5914','primis@egestaslaciniaSed.ca','1-206-477-9953'),(40,'Otto','Kent','16850603-6774','placerat.Cras.dictum@nibhlaciniaorci.net','1-362-328-6876'),(41,'Jessamine','English','16771005-7014','in@velitCras.org','1-383-911-4396'),(42,'Evan','Rosa','16811009-9697','amet.ante@inmagnaPhasellus.edu','1-443-848-3154'),(43,'Christen','Alford','16921201-5466','pellentesque.eget@magnaCrasconvallis.edu','1-348-862-7844'),(45,'Thomas','Franks','16760924-0887','in.magna.Phasellus@luctus.org','1-639-111-7578'),(46,'Serina','Avila','16540603-5971','ligula.Aenean@interdumenim.org','1-358-649-8537'),(47,'Orli','Yates','16640811-9318','mi.ac.mattis@Donectincidunt.ca','1-276-789-5471'),(48,'Rae','Griffin','16751116-3417','interdum.ligula.eu@sit.org','1-805-702-1742'),(50,'Aladdin','Harvey','16300619-3928','rutrum@rutrumnon.org','1-382-920-0139'),(51,'Rigel','Lucas','16440730-0203','arcu@habitant.net','1-179-190-0647'),(52,'Honorato','Stafford','16450321-8341','et.lacinia.vitae@dolor.net','1-974-384-4492'),(53,'Kaden','Duran','16260730-7374','accumsan.convallis@necmauris.net','1-115-949-4772'),(54,'Serena','Mueller','16670709-6134','lobortis@necurna.net','1-820-259-2169'),(55,'Jonah','Mcintyre','16590627-1829','Vivamus.euismod@convallis.co.uk','1-123-763-1214'),(56,'Scott','Torres','16061117-5167','lorem.sit.amet@variusultrices.co.uk','1-460-844-9876'),(57,'Erasmus','Moses','16160229-5014','Nam@mattisvelitjusto.co.uk','1-827-949-4371'),(58,'Martina','Farmer','16060328-3532','ornare.lectus.ante@lorem.ca','1-119-768-7231'),(59,'Leandra','Goff','16760909-2627','Nunc.mauris@Pellentesque.net','1-793-948-7317'),(60,'Duncan','Bonner','16580325-3235','iaculis.enim.sit@sodalesatvelit.ca','1-986-694-5912'),(61,'Keefe','Potts','16950409-0847','posuere.cubilia@felisNullatempor.org','1-678-508-1446'),(63,'Isabelle','Johns','16611126-2223','sed.sem@vitaesodales.org','1-323-216-0534'),(64,'Baxter','Turner','16280112-2660','porttitor@noncursusnon.co.uk','1-375-986-5116'),(65,'Ocean','Jennings','16400508-6451','risus.quis.diam@Donecat.org','1-509-991-7073'),(66,'Jack','Duran','16090530-4416','metus.sit@facilisi.com','1-240-158-3084'),(67,'Leilani','Marsh','16620127-0466','eros.Proin@eu.net','1-965-998-5943'),(69,'Leah','Reed','16680222-0613','nisi@Quisqueporttitor.net','1-852-304-9217'),(70,'Xandra','Adkins','16510204-1182','Donec.sollicitudin@lacusQuisque.org','1-271-998-4739'),(71,'Jasmine','Rivera','16030904-4469','enim@consequatpurus.ca','1-975-537-6015'),(72,'Bianca','Shepard','16730125-4533','nisi@egestasadui.org','1-156-812-5848'),(73,'Belle','Henry','16191012-0755','velit@dolorquamelementum.co.uk','1-906-557-8345'),(74,'Beau','Harris','16250909-6638','Duis.volutpat@blandit.com','1-456-577-9550'),(76,'Piper','Sellers','16310712-0564','nulla@placerataugue.co.uk','1-266-853-3275'),(77,'Christopher','Decker','16960901-1227','nibh.lacinia.orci@placeratorci.com','1-976-572-0213'),(78,'Ina','Hahn','16061006-2697','Pellentesque.tincidunt@euerat.co.uk','1-110-278-3382'),(79,'Mallory','Kramer','16930926-6899','magna.a@bibendumfermentummetus.co.uk','1-250-781-0125'),(80,'Rudyard','Armstrong','16360908-8517','Nullam.feugiat@justonec.com','1-559-790-9607'),(81,'Laura','Rivera','16550415-6026','nascetur.ridiculus@sapienCrasdolor.net','1-611-868-2860'),(82,'Ignacia','Owen','16070422-1498','ac@Nam.edu','1-219-339-8048'),(83,'Fredericka','Boyle','16490812-3534','senectus.et@nullaDonecnon.edu','1-515-673-6618'),(84,'Doris','Daniel','16011101-3793','eget.odio@congue.net','1-462-816-0918'),(85,'Cheyenne','Delacruz','16910912-7937','dolor.dapibus@consectetueradipiscingelit.ca','1-972-255-0860'),(86,'Steven','Craft','16730411-4569','et.magnis@vitae.edu','1-104-546-3603'),(87,'Barrett','Justice','16370528-6486','consequat.purus@semperpretiumneque.co.uk','1-396-550-7005'),(88,'Xaviera','Moon','16020123-3947','dolor.Nulla@tristique.com','1-947-649-2107'),(89,'Kelly','Sweeney','16081223-5372','neque@elementum.co.uk','1-394-170-1963'),(90,'Halla','Romero','16420222-6975','Duis.elementum@auctor.net','1-675-406-0612'),(91,'Silas','Shelton','16440222-6882','ipsum@est.net','1-322-884-5816'),(92,'Mira','Emerson','16850417-4551','posuere.cubilia.Curae@habitantmorbitristique.org','1-899-928-9158'),(93,'Hyatt','Nelson','16370524-2646','amet@convallis.com','1-368-735-1032'),(94,'Brendan','Mathews','16260801-9895','lacinia.at@elitpedemalesuada.edu','1-590-214-2435'),(95,'Hope','Klein','16561119-8531','tempus.eu@erat.ca','1-498-405-0892'),(96,'Hedley','Howard','16860626-0985','Duis.gravida.Praesent@nonummyultriciesornare.net','1-416-987-1596'),(97,'Benjamin','Clay','16060903-0374','Vivamus@cursus.net','1-583-726-4515'),(99,'Amber','Meyers','16910225-2815','Donec.egestas.Aliquam@fermentumrisusat.edu','1-625-433-4456'),(100,'Tiger','Head','16130616-6107','auctor.odio@Integervulputaterisus.ca','1-454-792-7780'),(101,'Erich','James','16440520-8846','erat@dolorFuscefeugiat.co.uk','1-773-917-4938'),(102,'Wang','Knowles','16331210-9691','Vestibulum.accumsan.neque@felis.net','1-459-566-0095'),(103,'Alfreda','Hobbs','16201211-4027','Mauris@eu.edu','1-821-310-1002'),(104,'Amy','Bradley','16210723-0134','justo.nec@adipiscinglacus.co.uk','1-778-613-6570'),(105,'Charissa','Briggs','16280504-0983','interdum@Namporttitor.com','1-584-635-3966'),(106,'Levi','Chen','16730718-6457','urna.justo.faucibus@ultrices.edu','1-143-399-5335'),(107,'Hiroko','Foreman','16300223-1672','malesuada.fringilla@tortorInteger.net','1-812-612-5920'),(108,'Arden','Harvey','16160325-0166','auctor.velit.eget@eratVivamusnisi.org','1-350-238-7951'),(109,'Fitzgerald','York','16050105-5602','et@auguescelerisque.org','1-796-837-5647'),(110,'Baxter','Huffman','16370109-0155','pretium@nullaatsem.net','1-839-409-6738'),(111,'Tobias','Clayton','16260905-5518','sit.amet.consectetuer@vellectus.com','1-752-672-0778'),(112,'Holmes','Stout','16060230-4651','lobortis.nisi@Donecfeugiat.org','1-928-178-1531'),(113,'Cooper','Newton','16720323-8204','dis.parturient@Vestibulumante.com','1-268-972-8949'),(114,'Charde','Anthony','16760224-6105','dignissim@vehiculaaliquetlibero.co.uk','1-724-474-6882'),(115,'Wing','Gregory','16931026-0006','consectetuer.adipiscing.elit@arcuCurabitur.ca','1-191-763-3691'),(116,'Mariam','Sampson','16810418-0263','semper.pretium@per.net','1-615-432-3206'),(117,'Chase','Simmons','16551113-3166','elit.dictum.eu@ipsumprimis.edu','1-559-780-7585'),(118,'Flavia','Harris','16150903-6149','semper@musAenean.com','1-109-206-4555'),(119,'Jada','Hudson','16810630-4333','urna.suscipit.nonummy@Nulla.co.uk','1-698-826-0065'),(120,'Amber','Terry','16300113-3028','Cras.eu@pharetrased.net','1-891-682-9288'),(121,'Malik','Allison','16340921-4065','sit.amet@miAliquam.ca','1-500-904-0758'),(122,'Remedios','Mann','16320406-7775','Nunc.commodo@Sedeueros.co.uk','1-693-352-3770'),(123,'Bernard','Rodriguez','16970315-2232','elit@orci.edu','1-350-660-7823'),(124,'Paula','Cooke','16890321-9916','eget.nisi.dictum@arcu.edu','1-838-672-7350'),(125,'Graiden','Mcclure','16880929-6455','enim.Etiam@milacinia.edu','1-566-402-4889'),(126,'Katell','Martin','16561023-5425','nec.eleifend.non@egestasnunc.org','1-180-696-7146'),(128,'Abraham','Mays','16790226-4493','velit.in@dictumeu.ca','1-924-236-5711'),(129,'Yvonne','Carlson','16270514-3929','ullamcorper.velit@dolor.com','1-240-890-1105'),(130,'Vaughan','Buchanan','16180720-7145','metus.In.lorem@Phaselluselitpede.net','1-640-446-8793'),(131,'Amena','Cohen','16310427-0891','a.malesuada@disparturientmontes.com','1-528-161-9413'),(132,'Grace','Hatfield','16261002-8397','Nam.consequat.dolor@condimentum.edu','1-760-238-2799'),(133,'Vivien','Stuart','16980825-9122','Morbi@lacusQuisqueimperdiet.com','1-168-358-4810'),(134,'Erasmus','Brewer','16070712-4327','Proin.nisl@Donecfelisorci.edu','1-520-995-2214'),(135,'Idona','Fitzgerald','16510103-2950','libero@insodales.com','1-817-436-5501'),(136,'Hector','Hawkins','16040215-7317','convallis.erat.eget@sem.ca','1-227-511-5357'),(137,'Tobias','Fisher','16310106-9122','montes@sedfacilisis.org','1-185-486-9859'),(138,'Elmo','Pickett','16290523-3116','iaculis.quis.pede@sedconsequatauctor.co.uk','1-503-630-1674'),(139,'Danielle','Harmon','16380402-2048','Quisque.porttitor.eros@urnaUttincidunt.com','1-222-562-2972'),(140,'Nina','Hughes','16350526-0749','eget.venenatis.a@convallisdolor.org','1-109-226-8145'),(141,'Zelda','Padilla','16871208-1499','velit.eu.sem@convallis.ca','1-838-330-0678'),(142,'Erin','Britt','16570811-8053','orci.Ut@amet.edu','1-288-567-7665'),(143,'Emery','Simmons','16490225-7668','dui.augue.eu@vestibulummassarutrum.edu','1-536-646-1979'),(144,'Kyle','Mccoy','16990925-9773','nisl.sem.consequat@velitAliquamnisl.edu','1-216-114-8322'),(145,'Kamal','Maynard','16561122-9732','magnis.dis@ametluctus.com','1-135-738-6507'),(146,'Ulla','Griffin','16570815-3548','arcu@sem.edu','1-731-714-4430'),(147,'Elton','Paul','16861126-1408','vestibulum.lorem@elitEtiam.co.uk','1-186-241-9161'),(148,'Willa','Garrison','16381110-2775','pede@neque.org','1-808-606-4378'),(149,'Prescott','Joyner','16510830-0913','sit.amet.ante@dignissimtempor.org','1-362-721-2357'),(150,'Marcia','Gordon','16930309-3208','Aenean@mollisdui.edu','1-707-204-1564'),(151,'Deanna','Moody','16240910-9937','feugiat.metus.sit@consectetueradipiscingelit.com','1-386-129-3532'),(152,'Wesley','Mills','16830615-0650','ipsum.Suspendisse@loremsitamet.edu','1-869-735-8408'),(153,'Todd','Morrison','16010510-3501','luctus.sit.amet@ut.co.uk','1-771-921-8937'),(154,'Ryan','Shelton','16290523-8164','ullamcorper.eu@purusactellus.com','1-353-382-6679'),(155,'Jerry','Buckner','16470923-7210','enim.consequat@Suspendisse.com','1-788-649-6292'),(156,'Brenden','Meyer','16420425-8901','aliquam@augueeutempor.net','1-170-341-9264'),(157,'Devin','Giles','16410403-5862','Nunc@liberoet.com','1-632-512-6478'),(158,'Amanda','Nelson','16500511-6289','ut@vitaediamProin.com','1-828-651-2510'),(159,'Hop','Higgins','16350707-1797','convallis.erat.eget@tinciduntvehicularisus.org','1-641-654-2267'),(160,'Dane','Fisher','16560413-2109','Lorem@Morbivehicula.org','1-660-100-8900'),(161,'Gannon','Marquez','16460828-2630','Sed.nulla.ante@orciinconsequat.ca','1-405-277-7910'),(162,'Price','Nelson','16041221-5535','accumsan@at.edu','1-498-580-5245'),(163,'Scott','Tate','16650406-7619','congue.elit.sed@dignissimtempor.edu','1-232-760-9427'),(164,'Dennis','Nunez','16560620-8485','Proin@Duisrisusodio.co.uk','1-105-789-1963'),(165,'Lani','Terry','16760805-2036','ligula.elit.pretium@rhoncus.co.uk','1-476-110-1228'),(167,'Debra','Maxwell','16100901-2806','Morbi.sit@eratvelpede.org','1-415-192-6618'),(168,'Raya','Glass','16570322-6331','Suspendisse@gravidanonsollicitudin.edu','1-540-153-4284'),(169,'Madison','Lewis','16320330-0342','Integer@Donec.com','1-618-794-4196'),(170,'Shannon','Stanton','16220406-1820','penatibus.et@risus.ca','1-249-534-5056'),(171,'William','Owens','16421126-0981','Sed@ligula.co.uk','1-974-593-5365'),(173,'Xanthus','Stewart','16860402-8681','nec.ante.blandit@quamdignissim.net','1-530-220-9136'),(174,'Caldwell','Hutchinson','16351013-9680','adipiscing.elit.Etiam@diam.org','1-798-764-2804'),(175,'Davis','Cohen','16801103-8547','at.lacus@nonleoVivamus.ca','1-256-975-0607'),(176,'Fleur','Rosario','16570923-0154','sed.sem@primisinfaucibus.edu','1-514-517-8071'),(177,'Armand','Hughes','16860704-3893','ac@Mauris.net','1-353-538-0909'),(178,'Sonia','Gill','16680329-3163','dolor@vitae.net','1-133-487-3167'),(179,'Isaac','Snyder','16871215-5400','ac.mattis@CuraePhasellus.org','1-797-931-4326'),(180,'Serena','Dudley','16071122-4287','arcu.Vestibulum@nuncsed.net','1-291-541-2223'),(182,'Brian','Randall','16891203-5030','diam@odioPhasellusat.org','1-103-230-9070'),(183,'Thaddeus','Mcleod','16920804-2797','urna.convallis.erat@velitAliquamnisl.co.uk','1-772-501-8062'),(184,'Mufutau','Burch','16390427-2352','gravida.nunc@semper.com','1-345-747-9700'),(185,'Xantha','Guthrie','16681015-9746','tincidunt.adipiscing@senectus.com','1-950-641-2103'),(186,'Scott','Briggs','16120306-6368','Mauris.eu.turpis@velconvallis.net','1-504-298-1239'),(187,'Chantale','Medina','16600810-1682','ac.feugiat@et.net','1-849-442-6881'),(188,'Harriet','Velasquez','16250224-1108','sem@mitempor.com','1-806-573-1802'),(189,'Cadman','Freeman','16350321-1728','egestas@euturpisNulla.org','1-100-366-1909'),(190,'Cameron','Cotton','16400808-4859','sagittis.Duis.gravida@lobortis.ca','1-402-759-2308'),(191,'Davis','Burnett','16410727-5044','vehicula.risus@diamPellentesquehabitant.org','1-612-865-5299'),(192,'Brody','Ingram','16590721-3606','per.conubia@nostra.com','1-746-638-3823'),(193,'Hyatt','Hunter','16431127-1185','fringilla.purus.mauris@Fuscediamnunc.net','1-433-655-6654'),(194,'Allen','Sears','16161228-6862','ullamcorper.eu@sedfacilisis.co.uk','1-948-217-2034'),(195,'Asher','Christensen','16001202-7363','tincidunt.dui@mollis.com','1-596-931-0393'),(196,'Xenos','Herring','16331006-6257','Curabitur@nonummy.ca','1-397-400-5665'),(197,'Travis','Haley','16211224-5556','at@milaciniamattis.edu','1-708-248-3968'),(198,'Neville','Jones','16850917-5702','sagittis@Nullam.co.uk','1-302-203-9029'),(199,'Ainsley','Byrd','16960925-3886','tellus@milacinia.org','1-618-470-1034'),(200,'Alfonso','Vance','16150526-5528','placerat.velit@Mauris.net','1-584-783-5233'),(201,'Colleen','Finley','16700930-3996','odio.a.purus@scelerisque.net','1-943-341-7803'),(202,'Galvin','Valencia','16651225-3490','Phasellus.dapibus@duiaugueeu.net','1-756-646-8167'),(203,'Sade','Tate','16140624-4366','mollis.vitae.posuere@lobortismaurisSuspendisse.ca','1-999-412-8597'),(204,'Griffith','Garrett','16930220-7338','odio.sagittis.semper@egetvarius.net','1-394-454-8196'),(205,'Medge','Mathews','16810403-1102','aliquam@sitametdiam.net','1-604-965-8146'),(206,'Chantale','Clayton','16441128-3916','lectus.convallis@nonmagnaNam.ca','1-745-220-0577'),(207,'Philip','Sharpe','16700414-1128','enim.nisl@sitametdapibus.edu','1-373-373-7142'),(208,'Brent','Sellers','16781205-8159','est.tempor.bibendum@enimEtiam.co.uk','1-762-623-6582'),(209,'Rylee','Fleming','16780201-7728','egestas.hendrerit.neque@antedictumcursus.org','1-784-555-3974'),(210,'Kato','Melendez','16730601-8487','a.malesuada@Inscelerisquescelerisque.net','1-393-793-2584'),(211,'Mollie','Bonner','16621207-4808','In.nec.orci@Loremipsumdolor.co.uk','1-711-739-1838'),(212,'Laith','Huff','16161120-2241','ultrices.mauris@Duisat.com','1-624-870-2868'),(213,'Asher','Page','16040428-9548','tincidunt@sitamet.co.uk','1-914-185-7645'),(214,'Wang','Branch','16190429-4731','Morbi@sit.co.uk','1-651-477-0483'),(215,'Felix','Frye','16160202-4349','diam.Pellentesque@ornare.com','1-198-707-7881'),(216,'Leonard','Moses','16170818-6232','facilisis@estarcuac.org','1-408-726-4949'),(217,'Meredith','Lyons','16450214-8606','Mauris@nonjusto.ca','1-547-482-6156'),(218,'Morgan','Preston','16430502-1026','posuere.cubilia.Curae@mauris.com','1-254-612-3509'),(219,'Xantha','Ballard','16960708-7666','consequat@Aliquamultrices.co.uk','1-400-988-8496'),(220,'Murphy','Cantrell','16750217-1049','at.auctor.ullamcorper@pharetrafelis.edu','1-712-964-5583'),(221,'Colorado','Freeman','16970815-2518','lacinia.mattis.Integer@Uttinciduntvehicula.edu','1-336-161-5148'),(222,'Boris','Fuller','16470302-3186','Phasellus.dapibus@eu.com','1-353-672-2257'),(223,'Garth','Randolph','16320613-2312','eu@Crasconvallisconvallis.net','1-927-604-7712'),(224,'Jolie','Kane','16180803-9554','ultricies@tellus.org','1-821-789-9388'),(226,'Laith','Baxter','16230727-9055','lacus@ligulaelit.edu','1-725-208-3927'),(227,'Dorian','Strong','16230720-5894','ridiculus@Curae.edu','1-435-967-5695'),(228,'Brennan','Dodson','16490420-8040','erat@placerat.co.uk','1-745-996-5537'),(229,'Thane','Calhoun','16981226-8820','malesuada.fames.ac@at.net','1-708-744-1417'),(230,'Wesley','Owen','16280619-5307','rhoncus@duisemper.edu','1-385-455-9470'),(231,'Laura','Nielsen','16581212-9715','risus.quis.diam@mattissemperdui.com','1-761-330-7511'),(232,'Ciaran','Pennington','16571202-3695','porta.elit@Inornare.ca','1-509-793-7884'),(233,'Kylynn','Vincent','16631111-8001','est.arcu.ac@sollicitudinadipiscing.org','1-241-883-2517'),(234,'Francis','Edwards','16150619-1269','non.vestibulum.nec@vitae.edu','1-724-992-1285'),(235,'David','Taylor','16370405-7516','erat.eget@orciPhasellus.co.uk','1-624-117-0391'),(236,'Bevis','Mcleod','16430208-2872','Cum@miloremvehicula.ca','1-620-265-9087'),(237,'Zena','Sweet','16430412-6925','sagittis.felis@sem.org','1-709-371-4529'),(238,'Illiana','Padilla','16450525-4856','odio.a@ligulaAliquamerat.ca','1-554-127-9923'),(239,'Kelsie','Brown','16910103-0030','accumsan@Fuscefermentum.co.uk','1-966-328-8133'),(240,'Jackson','Maynard','16351129-2934','tellus.justo.sit@odioauctorvitae.ca','1-894-574-0593'),(241,'Teegan','Greene','16590209-5529','eleifend.non.dapibus@enim.ca','1-359-114-5371'),(242,'Ali','Browning','16550130-8315','risus.Nulla@Maecenasiaculisaliquet.com','1-659-891-9809'),(243,'Scott','Knapp','16820213-3347','ultrices.sit@penatibuset.co.uk','1-360-452-5877'),(244,'Guy','Kirkland','16771211-7477','ligula.tortor.dictum@nislQuisque.edu','1-140-813-7544'),(245,'Kelly','Vargas','16080724-1203','nec.quam@iaculisaliquet.org','1-903-710-3181'),(246,'Lance','Gilbert','16230806-8218','eu@auctorullamcorpernisl.ca','1-196-634-2831'),(247,'Stephen','Rush','16551008-0830','blandit.congue.In@fringillaDonecfeugiat.co.uk','1-636-505-7112'),(248,'Victor','Hudson','16871101-8831','risus.Donec@Curabiturvellectus.net','1-743-707-6615'),(249,'Laurel','Combs','16700527-7087','neque.Nullam.nisl@elementum.org','1-279-755-4135'),(250,'Burton','Odonnell','16580403-3289','arcu.iaculis.enim@semper.com','1-745-121-0996'),(251,'Willow','Chen','16850611-3862','Aliquam.vulputate@sapien.net','1-764-837-2778'),(252,'Cole','Mcclure','16530829-6796','eget.dictum@quis.com','1-626-650-8119'),(253,'Ruby','Sykes','16901025-9621','aliquam.eros.turpis@lobortis.org','1-970-901-8893'),(254,'Brittany','Burks','16590924-6414','pede.sagittis.augue@quismassaMauris.ca','1-229-821-5681'),(255,'Raymond','Cameron','16660423-0133','consectetuer.mauris@Duisdignissimtempor.com','1-983-570-9071'),(256,'Ann','Harper','16570919-8146','iaculis.lacus@enimnectempus.org','1-393-533-4331'),(257,'Vincent','Drake','16001229-8857','Vivamus.nisi@rutrumurna.net','1-185-799-6043'),(258,'Drew','Middleton','16651121-1010','In@Phasellus.co.uk','1-570-247-6894'),(259,'Laith','Tyson','16090203-4206','lorem.tristique.aliquet@nisimagnased.com','1-428-201-3343'),(260,'Jeanette','Fox','16130702-5443','lectus@nonantebibendum.co.uk','1-296-148-9289'),(261,'Lester','Tanner','16730809-2167','lobortis.nisi.nibh@nisisem.co.uk','1-141-708-2756'),(262,'Veda','Richards','16090130-3339','Nullam.scelerisque@dolor.co.uk','1-422-341-0390'),(263,'Plato','Finch','16401029-2136','congue@rhoncusDonec.co.uk','1-394-365-3370'),(264,'Tatum','Miller','16350601-5126','non.dapibus.rutrum@libero.co.uk','1-144-417-8430'),(265,'Colin','Frederick','16200528-5305','Cum.sociis.natoque@Inscelerisquescelerisque.edu','1-981-527-6492'),(266,'Arthur','Frost','16930218-2663','augue.ac.ipsum@nullaatsem.org','1-615-594-6841'),(268,'Karyn','Zamora','16010525-7307','adipiscing@Nullafacilisi.org','1-460-427-1112'),(269,'Hadassah','Burns','16780202-6760','quis.turpis@tinciduntnequevitae.net','1-250-646-8183'),(270,'Melyssa','Rivas','16660629-5852','In.at.pede@egestasAliquam.ca','1-323-753-5593'),(271,'Ocean','Garrison','16951213-8943','a.auctor@neque.ca','1-525-372-6405'),(272,'Gillian','Barker','16030316-9049','Proin.nisl@Inscelerisquescelerisque.org','1-430-723-3252'),(273,'Sage','Daniels','16320818-3610','sollicitudin@luctusfelis.co.uk','1-802-631-1039'),(274,'Emerson','Conrad','16720907-9644','Nam@Etiambibendum.ca','1-310-588-4351'),(275,'Caleb','Stanley','16870929-3503','dui.Suspendisse.ac@egestas.org','1-116-234-8982'),(276,'Alexandra','Baird','16561029-6013','elit.erat@vehicula.org','1-357-400-4302'),(277,'Priscilla','Fuller','16380902-5467','Etiam.laoreet@idliberoDonec.edu','1-681-595-9884'),(278,'Kibo','Gillespie','16370814-8527','nunc@sit.net','1-544-637-8264'),(279,'Bianca','Hahn','16450805-2257','elit@IntegermollisInteger.com','1-303-236-6332'),(281,'Aline','Bonner','16090123-5911','Cum.sociis.natoque@tortordictumeu.co.uk','1-749-425-7445'),(282,'Ira','Harmon','16481208-3949','mi@utdolordapibus.edu','1-471-416-8788'),(283,'Claudia','Sharp','16350221-8732','metus.urna.convallis@etmagna.net','1-451-942-7421'),(284,'Beck','Gonzales','16410307-2965','gravida.mauris.ut@malesuada.edu','1-184-762-6639'),(285,'Rowan','Gamble','16471013-6369','consectetuer.adipiscing.elit@consectetueradipiscingelit.net','1-136-442-9808'),(286,'Barclay','Mercado','16481225-7592','justo.eu@noncursus.org','1-338-207-1129'),(287,'Cooper','Ferguson','16430224-2203','dui.Cras@Sedauctorodio.org','1-558-608-3414'),(288,'Otto','Buckley','16520911-6762','elementum.purus@purus.org','1-737-955-2372'),(289,'Leroy','Orr','16910411-5648','ullamcorper.velit.in@orcisemeget.net','1-525-114-8123'),(290,'Brenden','Hawkins','16360404-2436','arcu.Sed@idrisusquis.net','1-215-972-8929'),(291,'Rina','Goff','16990207-2785','In@ac.net','1-225-311-0510'),(292,'Vance','Dorsey','16601009-8637','Nullam@dolorsitamet.net','1-975-654-6368'),(293,'Ahmed','Albert','16081217-3847','dolor.dapibus@velpede.edu','1-136-128-5532'),(294,'Quamar','Chambers','16730711-9649','enim.Curabitur.massa@tincidunt.org','1-254-218-8404'),(295,'Elton','Mcmillan','16451102-0234','urna.nec.luctus@eratin.ca','1-400-379-8754'),(296,'Rose','Roman','16271105-8558','ornare.lectus.ante@ultricesiaculisodio.org','1-299-301-2099'),(297,'Rhoda','Snow','16040224-1202','dictum.magna.Ut@viverra.co.uk','1-983-138-2138'),(298,'Regan','Miles','16131023-7365','id@vitaeorciPhasellus.net','1-280-873-9278'),(299,'Guy','Hester','16051226-0019','in.magna@lectusjusto.com','1-318-405-1271'),(300,'Ginger','George','16210322-7563','facilisi.Sed.neque@libero.org','1-409-970-5219');
/*!40000 ALTER TABLE `employee` ENABLE KEYS */;
UNLOCK TABLES;

--
-- Table structure for table `income`
--

DROP TABLE IF EXISTS `income`;
/*!40101 SET @saved_cs_client     = @@character_set_client */;
/*!40101 SET character_set_client = utf8 */;
CREATE TABLE `income` (
  `id` int(11) NOT NULL AUTO_INCREMENT,
  `income` mediumint(9) DEFAULT NULL,
  `employee_id` int(11) NOT NULL,
  PRIMARY KEY (`id`),
  UNIQUE KEY `id` (`id`),
  KEY `employee_id` (`employee_id`),
  CONSTRAINT `income_ibfk_1` FOREIGN KEY (`employee_id`) REFERENCES `employee` (`id`)
) ENGINE=InnoDB AUTO_INCREMENT=301 DEFAULT CHARSET=utf8;
/*!40101 SET character_set_client = @saved_cs_client */;

--
-- Dumping data for table `income`
--

LOCK TABLES `income` WRITE;
/*!40000 ALTER TABLE `income` DISABLE KEYS */;
INSERT INTO `income` VALUES (1,120341,1),(2,254288,2),(3,203172,3),(4,52898,4),(5,43726,5),(6,211901,6),(7,194352,7),(8,271821,8),(9,92542,9),(10,49997,10),(11,204037,11),(12,112247,12),(13,257640,13),(14,199792,14),(15,147868,15),(16,213439,16),(17,237535,17),(18,189497,18),(19,163819,19),(20,108057,20),(21,97706,21),(22,41500,22),(23,134955,23),(24,224041,24),(25,109204,25),(26,165657,26),(27,260898,27),(28,107205,28),(29,143925,29),(30,248380,30),(31,269711,31),(32,197099,32),(33,152821,33),(34,106185,34),(35,211433,35),(36,242964,36),(37,235826,37),(38,262159,38),(39,190183,39),(40,185082,40),(41,221022,41),(42,245648,42),(43,113989,43),(44,68918,44),(45,69379,45),(46,81255,46),(47,88044,47),(48,93832,48),(49,113455,49),(50,147726,50),(51,261213,51),(52,94598,52),(53,58045,53),(54,60478,54),(55,243315,55),(56,48725,56),(57,241843,57),(58,198450,58),(59,76267,59),(60,209582,60),(61,194838,61),(62,56779,62),(63,117201,63),(64,68724,64),(65,122340,65),(66,196983,66),(67,219270,67),(68,60622,68),(69,61658,69),(70,129606,70),(71,204324,71),(72,50194,72),(73,252420,73),(74,69599,74),(75,74613,75),(76,113031,76),(77,40502,77),(78,138013,78),(79,109397,79),(80,44278,80),(81,47451,81),(82,184900,82),(83,204971,83),(84,231938,84),(85,98145,85),(86,266794,86),(87,201128,87),(88,254234,88),(89,232090,89),(90,39791,90),(91,121431,91),(92,144087,92),(93,67246,93),(94,47112,94),(95,199672,95),(96,59182,96),(97,165630,97),(98,162872,98),(99,193890,99),(100,199449,100),(101,49729,101),(102,74738,102),(103,155541,103),(104,117693,104),(105,117692,105),(106,202550,106),(107,227907,107),(108,237486,108),(109,249765,109),(110,51648,110),(111,234409,111),(112,43042,112),(113,69295,113),(114,41443,114),(115,108211,115),(116,108967,116),(117,151356,117),(118,266702,118),(119,221239,119),(120,215117,120),(121,40996,121),(122,58070,122),(123,105333,123),(124,148228,124),(125,61889,125),(126,91497,126),(127,55745,127),(128,243731,128),(129,161855,129),(130,169739,130),(131,43889,131),(132,267858,132),(133,268112,133),(134,234578,134),(135,143169,135),(136,122932,136),(137,183080,137),(138,148334,138),(139,133832,139),(140,184979,140),(141,64165,141),(142,144605,142),(143,164404,143),(144,198191,144),(145,119582,145),(146,244279,146),(147,118509,147),(148,248381,148),(149,44227,149),(150,256648,150),(151,250711,151),(152,62933,152),(153,256850,153),(154,217927,154),(155,42011,155),(156,64866,156),(157,44721,157),(158,252320,158),(159,106712,159),(160,54196,160),(161,123324,161),(162,247292,162),(163,227828,163),(164,194443,164),(165,182644,165),(166,139449,166),(167,174660,167),(168,139612,168),(169,46065,169),(170,270423,170),(171,111220,171),(172,175645,172),(173,255973,173),(174,272822,174),(175,251765,175),(176,161478,176),(177,100861,177),(178,265206,178),(179,258539,179),(180,214042,180),(181,120823,181),(182,226797,182),(183,105410,183),(184,183260,184),(185,249596,185),(186,98254,186),(187,60424,187),(188,164093,188),(189,253859,189),(190,229085,190),(191,247317,191),(192,56618,192),(193,193560,193),(194,191301,194),(195,233801,195),(196,182952,196),(197,242053,197),(198,46320,198),(199,87087,199),(200,178947,200),(201,65990,201),(202,229911,202),(203,228098,203),(204,244988,204),(205,131078,205),(206,270618,206),(207,140428,207),(208,57303,208),(209,186177,209),(210,137027,210),(211,221760,211),(212,74843,212),(213,96023,213),(214,151872,214),(215,202463,215),(216,81824,216),(217,72604,217),(218,136578,218),(219,170089,219),(220,164089,220),(221,207177,221),(222,101138,222),(223,268076,223),(224,151707,224),(225,98712,225),(226,244488,226),(227,64180,227),(228,214045,228),(229,173375,229),(230,130258,230),(231,233828,231),(232,172916,232),(233,219804,233),(234,134323,234),(235,78998,235),(236,130679,236),(237,118845,237),(238,191595,238),(239,149050,239),(240,171914,240),(241,128505,241),(242,258386,242),(243,80693,243),(244,161809,244),(245,236491,245),(246,74014,246),(247,243023,247),(248,119611,248),(249,43564,249),(250,228467,250),(251,88436,251),(252,41146,252),(253,64932,253),(254,106451,254),(255,208806,255),(256,242369,256),(257,150862,257),(258,155746,258),(259,104163,259),(260,271659,260),(261,92632,261),(262,180082,262),(263,203665,263),(264,88650,264),(265,111979,265),(266,121471,266),(267,109085,267),(268,101371,268),(269,137960,269),(270,67222,270),(271,212504,271),(272,122516,272),(273,180359,273),(274,235771,274),(275,151390,275),(276,161545,276),(277,177938,277),(278,60636,278),(279,178996,279),(280,199224,280),(281,174414,281),(282,194252,282),(283,112168,283),(284,257325,284),(285,53461,285),(286,242234,286),(287,97983,287),(288,264664,288),(289,232285,289),(290,87611,290),(291,122924,291),(292,231463,292),(293,76220,293),(294,146224,294),(295,111042,295),(296,91127,296),(297,51918,297),(298,267713,298),(299,177667,299),(300,176053,300);
/*!40000 ALTER TABLE `income` ENABLE KEYS */;
UNLOCK TABLES;
/*!40103 SET TIME_ZONE=@OLD_TIME_ZONE */;

/*!40101 SET SQL_MODE=@OLD_SQL_MODE */;
/*!40014 SET FOREIGN_KEY_CHECKS=@OLD_FOREIGN_KEY_CHECKS */;
/*!40014 SET UNIQUE_CHECKS=@OLD_UNIQUE_CHECKS */;
/*!40101 SET CHARACTER_SET_CLIENT=@OLD_CHARACTER_SET_CLIENT */;
/*!40101 SET CHARACTER_SET_RESULTS=@OLD_CHARACTER_SET_RESULTS */;
/*!40101 SET COLLATION_CONNECTION=@OLD_COLLATION_CONNECTION */;
/*!40111 SET SQL_NOTES=@OLD_SQL_NOTES */;

-- Dump completed on 2016-12-22 17:09:30
